<linker>
	<assembly fullname="UnityEngine">
		<type fullname="UnityEngine.Object" preserve="nothing"/>
		<type fullname="UnityEditor.MonoScript" preserve="nothing"/>
		<type fullname="UnityEngine.Material" preserve="nothing"/>
		<type fullname="UnityEditor.VFXManager" preserve="nothing"/>
		<type fullname="UnityEngine.Shader" preserve="nothing"/>
		<type fullname="UnityEditor.AudioManager" preserve="nothing"/>
		<type fullname="UnityEditor.PlayerSettings" preserve="nothing"/>
		<type fullname="UnityEngine.TextAsset" preserve="nothing"/>
		<type fullname="UnityEditor.PhysicsManager" preserve="nothing"/>
		<type fullname="UnityEditor.TimeManager" preserve="nothing"/>
		<type fullname="UnityEditor.InputManager" preserve="nothing"/>
		<type fullname="UnityEditor.TagManager" preserve="nothing"/>
		<type fullname="UnityEditor.MonoManager" preserve="nothing"/>
		<type fullname="UnityEngine.Rendering.GraphicsSettings" preserve="nothing"/>
		<type fullname="UnityEngine.QualitySettings" preserve="nothing"/>
		<type fullname="UnityEditor.Physics2DSettings" preserve="nothing"/>
		<type fullname="UnityEngine.Transform" preserve="nothing"/>
		<type fullname="UnityEngine.Camera" preserve="nothing"/>
		<type fullname="UnityEngine.Renderer" preserve="nothing"/>
		<type fullname="UnityEngine.LineRenderer" preserve="nothing"/>
		<type fullname="UnityEngine.SpriteRenderer" preserve="nothing"/>
		<type fullname="UnityEngine.Texture" preserve="nothing"/>
		<type fullname="UnityEngine.SpriteMask" preserve="nothing"/>
		<type fullname="UnityEngine.Canvas" preserve="nothing"/>
		<type fullname="UnityEngine.RectTransform" preserve="nothing"/>
		<type fullname="UnityEngine.Video.VideoPlayer" preserve="nothing"/>
		<type fullname="UnityEngine.Behaviour" preserve="nothing"/>
		<type fullname="UnityEngine.Component" preserve="nothing"/>
		<type fullname="UnityEngine.MonoBehaviour" preserve="nothing"/>
		<type fullname="UnityEngine.GameObject" preserve="nothing"/>
		<type fullname="UnityEngine.RenderTexture" preserve="nothing"/>
		<type fullname="UnityEngine.LightmapSettings" preserve="nothing"/>
		<type fullname="UnityEngine.Font" preserve="nothing"/>
		<type fullname="UnityEngine.Texture2D" preserve="nothing"/>
		<type fullname="UnityEngine.Sprite" preserve="nothing"/>
		<type fullname="UnityEngine.CanvasRenderer" preserve="nothing"/>
		<type fullname="UnityEngine.CanvasGroup" preserve="nothing"/>
		<type fullname="UnityEngine.RenderSettings" preserve="nothing"/>
		<type fullname="UnityEngine.Video.VideoClip" preserve="nothing"/>
	</assembly>
	<assembly fullname="Assembly-CSharp">
		<type fullname="AdvancedSettings" preserve="nothing"/>
		<type fullname="AutoConfig" preserve="nothing"/>
		<type fullname="BitePointPushInteractionModule" preserve="nothing"/>
		<type fullname="BluthMain" preserve="nothing"/>
		<type fullname="CalibrationTestScreen" preserve="nothing"/>
		<type fullname="CallToInteractController" preserve="nothing"/>
		<type fullname="CallToInteractValueSetter" preserve="nothing"/>
		<type fullname="CameraConnector" preserve="nothing"/>
		<type fullname="ColliderSnapper" preserve="nothing"/>
		<type fullname="ConfigurationSetupController" preserve="nothing"/>
		<type fullname="DotCursor" preserve="nothing"/>
		<type fullname="DoubleCursor" preserve="nothing"/>
		<type fullname="DoubleInteractionSetup" preserve="nothing"/>
		<type fullname="DuckPinch" preserve="nothing"/>
		<type fullname="FileScreenUI" preserve="nothing"/>
		<type fullname="ForcePokeInteractionModule" preserve="nothing"/>
		<type fullname="GeneralisedGrabDetector" preserve="nothing"/>
		<type fullname="HoverAndHoldInteractionModule" preserve="nothing"/>
		<type fullname="InteractionManager" preserve="nothing"/>
		<type fullname="InteractionSelector" preserve="nothing"/>
		<type fullname="Leap.Unity.LeapServiceProvider" preserve="nothing"/>
		<type fullname="LeapMountScreen" preserve="nothing"/>
		<type fullname="LockCursor" preserve="nothing"/>
		<type fullname="ManualConfigUI" preserve="nothing"/>
		<type fullname="OneToOneInteractionModule" preserve="nothing"/>
		<type fullname="PhysicalConfigToUI" preserve="nothing"/>
		<type fullname="PinchGrabLineCursor" preserve="nothing"/>
		<type fullname="PinchGrabPoseInteractionModule" preserve="nothing"/>
		<type fullname="PokePose" preserve="nothing"/>
		<type fullname="PokeToInvokeInteractionModule" preserve="nothing"/>
		<type fullname="PositionStabiliser" preserve="nothing"/>
		<type fullname="PositioningModule" preserve="nothing"/>
		<type fullname="ProgressCursor" preserve="nothing"/>
		<type fullname="ProgressTimer" preserve="nothing"/>
		<type fullname="SafetyPinch" preserve="nothing"/>
		<type fullname="SettingsConfigUI" preserve="nothing"/>
		<type fullname="SettingsUIScrollElementScaler" preserve="nothing"/>
		<type fullname="SingleHandManager" preserve="nothing"/>
		<type fullname="SliderAndInputFieldMirrorValues" preserve="nothing"/>
		<type fullname="StandardInteractionSetup" preserve="nothing"/>
		<type fullname="ThumblessGrab" preserve="nothing"/>
		<type fullname="TransparentWindow" preserve="nothing"/>
		<type fullname="VirtualTouchInjector" preserve="nothing"/>
		<type fullname="WelcomeScreen" preserve="nothing"/>
		<type fullname="WindowsInputController" preserve="nothing"/>
	</assembly>
	<assembly fullname="UnityEngine.UI">
		<type fullname="UnityEngine.EventSystems.EventSystem" preserve="nothing"/>
		<type fullname="UnityEngine.EventSystems.StandaloneInputModule" preserve="nothing"/>
		<type fullname="UnityEngine.UI.Button" preserve="nothing"/>
		<type fullname="UnityEngine.UI.CanvasScaler" preserve="nothing"/>
		<type fullname="UnityEngine.UI.ContentSizeFitter" preserve="nothing"/>
		<type fullname="UnityEngine.UI.Dropdown" preserve="nothing"/>
		<type fullname="UnityEngine.UI.GraphicRaycaster" preserve="nothing"/>
		<type fullname="UnityEngine.UI.GridLayoutGroup" preserve="nothing"/>
		<type fullname="UnityEngine.UI.Image" preserve="nothing"/>
		<type fullname="UnityEngine.UI.InputField" preserve="nothing"/>
		<type fullname="UnityEngine.UI.Mask" preserve="nothing"/>
		<type fullname="UnityEngine.UI.RawImage" preserve="nothing"/>
		<type fullname="UnityEngine.UI.ScrollRect" preserve="nothing"/>
		<type fullname="UnityEngine.UI.Scrollbar" preserve="nothing"/>
		<type fullname="UnityEngine.UI.Slider" preserve="nothing"/>
		<type fullname="UnityEngine.UI.Text" preserve="nothing"/>
		<type fullname="UnityEngine.UI.Toggle" preserve="nothing"/>
		<type fullname="UnityEngine.UI.ToggleGroup" preserve="nothing"/>
		<type fullname="UnityEngine.UI.VerticalLayoutGroup" preserve="nothing"/>
	</assembly>
</linker>
